field_name,alias,field_type,data_type,display_type,default_value,mandatory,description,title,field_notation,fields,internal_only,sequence,hidden,editable,meta
column_break,,layout,str,column_break,,FALSE,,,,,TRUE,6334,,,
dp_tariff_plan,,simple,DP_TARIFF_PLAN,dropdown,,FALSE,DP Tariff Plan,DP Tariff Plan,,,TRUE,6335,,,
name_of_dp,,simple,str,textbox,,FALSE,,Name of DP,,,TRUE,6336,,,
depository,,simple,DEPOSITORY,radiobutton,,FALSE,,Depository,,,TRUE,6337,,,
column_break,,layout,str,column_break,,FALSE,,,,,TRUE,6338,,,
dp_id_no,,simple,str,textbox,,FALSE,,DP ID No,,,TRUE,6339,,,
client_id_no,,simple,str,textbox,,FALSE,,Client ID No,,,TRUE,6340,,,
cmr_file,,simple,FILE,fileoption,,FALSE,Upload your CMR file,Upload CMR File,,,TRUE,6341,,,
dp_Account_information,,compound,,card,,FALSE,,DP Account Information,,"column_break,dp_tariff_plan,name_of_dp,depository,column_break,dp_id_no,client_id_no,cmr_file",FALSE,6342,,,