field_name,alias,field_type,data_type,display_type,default_value,mandatory,description,title,field_notation,fields,internal_only,sequence,hidden,meta
column_break,,layout,str,column_break,,FALSE,,,,,TRUE,6079,,
display_field,,simple,str,display_field,,FALSE,Currency Options,,,,TRUE,6080,,
column_break,,layout,str,column_break,,FALSE,,,,,TRUE,6081,,
currency_options_rate,,simple,int,textbox,,FALSE,,Rate (Rs),,,TRUE,6082,,display.subscript:Standard Rate - Rs {defaults.options['currency_options_rate']}
column_break,,layout,str,column_break,,FALSE,,,,,TRUE,6083,,
currency_options_card,,compound,,card,,FALSE,,,,"column_break,display_field,column_break,currency_options_rate,column_break",FALSE,6084,,