field_name,alias,field_type,data_type,display_type,default_value,mandatory,description,title,field_notation,fields,internal_only,sequence,hidden,editable,meta
column_break,,layout,str,column_break,,FALSE,,,,,TRUE,6104,,,
display_field,,simple,str,display_field,,FALSE,Flat Per Order,,,,TRUE,6105,,,
column_break,,layout,str,column_break,,FALSE,,,,,TRUE,6106,,,
flat_per_order_rate,,simple,int,textbox,,FALSE,,Rate (Rs),,,TRUE,6107,,,
column_break,,layout,str,column_break,,FALSE,,,,,TRUE,6108,,,
flat_per_order_card,,compound,,card,,FALSE,,,,"column_break,display_field,column_break,flat_per_order_rate,column_break",FALSE,6109,,,