field_name,alias,field_type,data_type,display_type,default_value,mandatory,description,title,field_notation,fields,internal_only,sequence,hidden,editable,meta
column_break,,layout,str,column_break,,FALSE,,,,,TRUE,6216,,,
country_of_residency_1,country_of_residency,simple,COUNTRY_3_CODE,dropdown,,FALSE,Country of Residency,Country of Residency,,,TRUE,6217,,,
column_break,,layout,str,column_break,,FALSE,,,,,TRUE,6218,,,
tin_no_1,,simple,str,textbox,,FALSE,Enter TIN No,TIN No,,,TRUE,6219,,,
column_break,,layout,str,column_break,,FALSE,,,,,TRUE,6220,,,
id_type_1,,simple,str,textbox,,FALSE,Enter ID Type,ID Type,,,TRUE,6221,,,
column_break,,layout,str,column_break,,FALSE,,,,,TRUE,6222,,,
reason_if_no_tin_1,reason_for_no_tin,simple,NO_TIN_REASON,dropdown,,FALSE,Reasons (if TIN not available),Reasons (if TIN not available),,,TRUE,6223,,,
fatca_crs_declaration_1,,compound,,card,,FALSE,,,,"column_break,country_of_residency_1,column_break,tin_no_1,column_break,id_type_1,column_break,reason_if_no_tin_1",FALSE,6224,not fatca_crs_declaration.is_client_tax_resident = 'YES',,