field_name,alias,field_type,data_type,display_type,default_value,mandatory,description,title,field_notation,fields,internal_only,sequence,hidden,editable,meta
fatca_crs_declaration_2,,compound,,card,,FALSE,,,,"column_break,country_of_residency_2,column_break,tin_no_2,column_break,id_type_2,column_break,reason_if_no_tin_2",FALSE,6233,not fatca_crs_declaration.is_client_tax_resident = 'YES',,
column_break,,layout,str,column_break,,FALSE,,,,,TRUE,6225,,,
country_of_residency_2,country_of_residency,simple,COUNTRY,dropdown,,FALSE,Country of Residency,Country of Residency,,,TRUE,6226,,,
column_break,,layout,str,column_break,,FALSE,,,,,TRUE,6227,,,
tin_no_2,,simple,str,textbox,,FALSE,Enter TIN No,TIN No,,,TRUE,6228,,,
column_break,,layout,str,column_break,,FALSE,,,,,TRUE,6229,,,
id_type_2,,simple,str,textbox,,FALSE,Enter ID Type,ID Type,,,TRUE,6230,,,
column_break,,layout,str,column_break,,FALSE,,,,,TRUE,6231,,,
reason_if_no_tin_2,reason_for_no_tin,simple,NO_TIN_REASON,dropdown,,FALSE,Reasons (if TIN not available),Reasons (if TIN not available),,,TRUE,6232,,,