field_name,alias,field_type,data_type,display_type,default_value,mandatory,description,title,field_notation,fields,internal_only,sequence,hidden,editable,meta
fatca_crs_declaration_3,,compound,,card,,FALSE,,,,"column_break,country_of_residency_3,column_break,tin_no_3,column_break,id_type_3,column_break,reason_if_no_tin_3",FALSE,6242,not fatca_crs_declaration.is_client_tax_resident = 'YES',,
column_break,,layout,str,column_break,,FALSE,,,,,TRUE,6234,,,
country_of_residency_3,country_of_residency,simple,COUNTRY_3_CODE,dropdown,,FALSE,Country of Residency,Country of Residency,,,TRUE,6235,,,
column_break,,layout,str,column_break,,FALSE,,,,,TRUE,6236,,,
tin_no_3,,simple,str,textbox,,FALSE,Enter TIN No,TIN No,,,TRUE,6237,,,
column_break,,layout,str,column_break,,FALSE,,,,,TRUE,6238,,,
id_type_3,,simple,str,textbox,,FALSE,Enter ID Type,ID Type,,,TRUE,6239,,,
column_break,,layout,str,column_break,,FALSE,,,,,TRUE,6240,,,
reason_if_no_tin_3,reason_for_no_tin,simple,NO_TIN_REASON,dropdown,,FALSE,Reasons (if TIN not available),Reasons (if TIN not available),,,TRUE,6241,,,